inhibitor,none_1,none_2,none_3,LF_1,LF_2,LF_3,LP_1,LP_2,LP_3,LFLP_1,LFLP_2,LFLP_3
Control,5.87,5.94,5.87,3.85,3.87,3.95,3.74,3.76,3.79,3.87,3.89,3.88
HMF,5.83,6.03,6.04,4.90,5.16,4.89,4.87,4.97,5.23,5.25,5.22,5.15
Furfural,5.75,5.76,5.92,4.74,4.66,4.93,4.74,4.65,4.40,4.67,4.76,4.76
Acetic acid,5.44,5.44,5.45,5.37,5.34,5.36,5.25,5.25,5.22,5.33,5.29,5.33
Formic acid,5.23,5.24,5.22,4.48,4.49,4.48,4.32,4.28,4.28,4.49,4.45,4.44
Glycolic acid,5.61,5.57,5.63,4.64,4.62,4.63,4.43,4.41,4.40,4.54,4.52,4.60
Levulinic acid,5.43,5.42,5.40,4.62,4.61,4.59,4.43,4.42,4.45,4.49,4.49,4.49
Ferulic acid,5.92,5.72,5.77,4.99,5.08,5.12,4.44,4.44,4.44,4.72,4.80,4.78
Syringaldehyde,5.72,5.61,5.59,4.42,4.37,4.40,4.28,4.23,4.26,4.29,4.40,4.43
Vanillin,5.96,6.03,6.06,4.17,4.21,4.22,3.96,4.00,3.97,4.11,4.12,4.15
