inhibitor,LF_1,LF_2,LF_3,LP_1,LP_2,LP_3,LFLP_1,LFLP_2,LFLP_3,none_1,none_2,none_3
Control,89,79,88,74,77,82,78,89,89,93,96,92
HMF,88,97,96,100,93,96,99,98,94,89,93,100
Furfural,94,100,76,90,96,93,100,91,100,93,91,95
Acetic acid,92,97,100,98,88,89,93,98,97,99,99,100
Formic acid,84,80,88,94,97,85,100,100,90,98,93,100
Glycolic acid,92,95,95,97,91,95,85,85,100,95,98,97
Levulinic acid,95,97,100,100,100,90,100,90,95,100,95,97
Ferulic acid,77,83,84,81,61,74,93,91,83,83,93,89
Syringaldehyde,93,100,100,96,94,88,96,96,91,98,95,98
Vanillin,100,90,76,77,100,96,94,100,91,99,93,96
